experiment,n_features,p_at_r70_oof,p_at_r70_fold_mean,p_at_r70_folds,pr_auc_oof,roc_auc_oof,ci90
baseline_rf_quickstart,2,0.093,0.0949,0.084 0.108 0.089 0.098,0.2022,0.6088,
baseline_lgb_quickstart,2,0.1125,0.1109,0.110 0.105 0.128 0.100,0.1911,0.6568,
blend_final,124,0.8222,0.8197,0.835 0.826 0.841 0.776,0.7999,0.9427,0.756-0.857
lgb_final_features,124,0.7902,0.8066,0.827 0.812 0.783 0.805,0.7964,0.9417,
cat_final_features,124,0.8166,0.8306,0.875 0.826 0.817 0.805,0.7979,0.9422,
lgb_behavior_only,111,0.7872,0.7885,0.832 0.798 0.774 0.750,0.792,0.9409,
blend_behavior_only,111,0.7967,0.8048,0.851 0.805 0.812 0.750,0.7957,0.9419,
lgb_with_ua_popularity,125,0.7947,0.8138,0.829 0.808 0.804 0.815,0.7995,0.9423,
lgb_with_itempop,128,0.8005,0.7974,0.816 0.826 0.781 0.767,0.803,0.9453,
lgb_with_itempop_leaky,128,0.8907,0.892,0.923 0.896 0.909 0.840,0.8294,0.9508,
lgb_with_dwell,148,0.7691,0.7769,0.757 0.798 0.783 0.770,0.7926,0.9413,
lgb_pointer_basic,113,0.7642,0.7729,0.785 0.805 0.706 0.795,0.7843,0.9343,
lgb_drop_a,119,0.7947,0.7962,0.816 0.798 0.804 0.767,0.7964,0.9424,
lgb_drop_c,114,0.7472,0.7616,0.771 0.736 0.781 0.759,0.7736,0.9299,
lgb_drop_e,86,0.7767,0.7803,0.816 0.807 0.770 0.728,0.7919,0.9429,
lgb_drop_h,117,0.7877,0.8096,0.824 0.798 0.802 0.815,0.7971,0.9424,
lgb_drop_p,108,0.619,0.5978,0.553 0.701 0.497 0.641,0.7302,0.912,
lgb_drop_s,114,0.791,0.7975,0.808 0.787 0.781 0.815,0.7958,0.9409,
lgb_drop_t,107,0.7726,0.7775,0.875 0.780 0.761 0.694,0.7796,0.9358,
lgb_drop_u,111,0.7872,0.7885,0.832 0.798 0.774 0.750,0.792,0.9409,
lgb_drop_v,116,0.791,0.8025,0.832 0.821 0.763 0.795,0.7979,0.9433,
