,gain
t_dt_q90,10288.1
p_std_x,5353.9
p_share_border,3606.0
t_dt_q75,2646.4
t_dt_q50,2607.5
t_logdt_std,2504.8
c_cat_entropy,2490.0
t_share_dt_le30,1890.8
c_loc_entropy,1863.2
c_n_cat,1846.2
c_n_item,1703.3
t_dt_q25,1534.8
p_step_mean,1482.6
c_n_loc,1469.9
t_dt_cv,1292.4
c_item_repeat,1209.8
t_n_intervals,1192.7
s_page_mean,1093.5
v_n_events,972.9
c_item_per_event,941.8
a_dup_share,931.8
t_dt_q10,904.7
v_events_per_active_min,874.4
t_dt_std,782.5
t_dt_skew,716.8
v_events_per_session,647.8
a_hours_created_to_first,627.3
v_max_session_events,620.4
u_share_plat_desktop,603.9
t_share_repeat_dt,584.4
e_share_contact_phone_show,577.9
e_share_favorite_add,551.8
p_step_median,548.1
c_photo_per_item_view,529.8
u_n_platform,525.3
s_search_per_query,506.5
a_age_days,499.4
t_dt_mean,493.4
v_active_min,462.8
e_share_photo_swipe,434.9
c_share_pro_seller,433.4
e_type_entropy,430.5
p_autocorr_x,421.0
s_share_page1,419.7
p_range_x,379.7
e_bigram_diversity,377.1
s_query_len,364.1
u_version_lag,355.9
e_bg_search_results_view__item_view,348.6
s_page_max,334.0
e_self_transition,332.1
u_version,329.2
e_bg_item_view__seller_page_view,311.6
e_share_seller_page_view,311.6
p_mean_x,283.3
h_entropy,281.0
p_autocorr_y,266.8
p_share_missing_web,255.8
u_family,252.3
e_bg_search_results_view__search_results_view,246.7
t_dt_min,240.7
u_share_plat_web,234.7
e_bg_item_view__search_results_view,233.3
e_bg_item_view__photo_swipe,218.6
h_first_hour,218.6
e_share_item_view,202.1
v_span_min,201.6
e_bg_photo_swipe__search_results_view,197.9
e_bg_item_view__item_view,194.4
p_share_round100,187.8
e_share_search_results_view,181.7
e_bg_search_results_view__favorite_add,176.1
p_std_y,169.8
e_bg_search_results_view__photo_swipe,167.9
e_share_contact_message_sent,163.6
p_n,144.9
e_bg_favorite_add__search_results_view,140.5
e_n_contacts,139.7
t_share_dt_le10,139.7
e_bg_seller_page_view__item_view,131.0
h_share_morning,128.8
e_bg_favorite_add__item_view,121.4
t_share_dt_le5,120.1
t_share_dt_le2,113.4
e_share_contact_chat_open,111.7
s_share_page_back,107.9
e_bg_photo_swipe__item_view,107.6
e_bg_contact_phone_show__search_results_view,103.3
p_range_y,90.3
e_share_login,88.3
h_share_evening,79.9
p_step_norm,77.2
e_bg_item_view__contact_phone_show,72.7
e_bg_item_view__favorite_add,68.1
e_bg_seller_page_view__search_results_view,64.4
h_share_day,60.0
s_share_next_page,57.0
v_max_events_per_min,56.9
s_n_query,55.2
h_share_night,54.3
p_mean_y,53.7
e_bg_contact_phone_show__item_view,47.2
e_bg_photo_swipe__photo_swipe,40.5
e_bg_search_results_view__seller_page_view,40.3
s_n_search,37.8
e_bg_search_results_view__contact_phone_show,36.3
s_max_pages_per_query,36.0
e_n_types,31.6
u_is_mobile,29.5
u_n_ua,27.3
u_share_plat_android,20.8
e_contact_from_search,20.5
u_os,17.3
v_n_sessions,16.8
u_share_plat_ios,12.9
h_n_hours,11.5
c_n_seller,7.9
p_uniq_share,3.8
a_share_before_created,0.0
a_created_in_window,0.0
u_share_mismatch,0.0
u_share_na_platform,0.0
e_n_captcha,0.0
e_share_captcha_shown,0.0
