config,p_at_r70_oof,p_at_r70_fold_mean,pr_auc_oof,roc_auc_oof,folds
base,0.7902,0.8066,0.7964,0.9417,0.827 0.812 0.783 0.805
leaves7,0.7661,0.7747,0.7905,0.9416,0.778 0.778 0.802 0.742
leaves31,0.7929,0.7933,0.7975,0.9408,0.833 0.800 0.761 0.779
min_child60,0.7929,0.8013,0.7968,0.9422,0.833 0.792 0.795 0.786
colsample0.3,0.7882,0.7995,0.7954,0.942,0.806 0.805 0.802 0.786
reg_lambda20,0.7986,0.8009,0.7924,0.9418,0.833 0.798 0.802 0.770
trees800,0.7877,0.8057,0.7955,0.9394,0.840 0.812 0.783 0.788
lr0.015_trees800,0.791,0.801,0.7972,0.9417,0.824 0.819 0.776 0.786
scale_pos_weight3,0.7947,0.8116,0.7971,0.9414,0.848 0.798 0.795 0.805
