,auc
w_hist_128,0.7177
t_share_dt_le30,0.717
c_loc_entropy,0.7145
t_dt_q90,0.7125
v_events_per_session,0.7114
c_n_loc,0.711
s_page_mean,0.7099
t_dt_q75,0.7092
s_page_max,0.7046
s_search_per_query,0.7032
v_max_session_events,0.7008
s_max_pages_per_query,0.6977
t_logdt_std,0.695
v_max_events_per_min,0.6934
t_dt_q50,0.6884
e_bigram_diversity,0.6836
t_n_intervals,0.6758
v_events_per_active_min,0.6757
w_dt_q90_q10_ratio,0.6741
x_item_pop_mean,0.6735
t_dt_mean,0.6712
w_hist_16,0.6675
v_n_events,0.6653
c_n_item,0.6653
w_hist_8,0.6648
s_n_search,0.6637
t_share_repeat_dt,0.6584
w_hist_256,0.6524
x_share_unique_items,0.651
t_dt_q25,0.6459
s_share_page_back,0.642
t_share_dt_le10,0.6414
a_hours_created_to_first,0.638
a_age_days,0.6355
e_self_transition,0.6318
e_bg_item_view__item_view,0.6251
t_dt_std,0.621
w_hist_64,0.6197
a_dup_share,0.619
e_share_item_view,0.6188
p_share_missing_web,0.6185
c_cat_entropy,0.6169
e_share_photo_swipe,0.6167
t_dt_cv,0.6164
w_hist_entropy,0.6145
w_dwell_seller_le5,0.6129
w_dwell_item_le5,0.6118
w_dwell_item_med,0.609
c_n_cat,0.6061
s_n_query,0.6055
e_bg_item_view__search_results_view,0.6036
e_share_favorite_add,0.6017
e_bg_search_results_view__item_view,0.6012
e_bg_item_view__seller_page_view,0.6008
e_bg_seller_page_view__item_view,0.5989
w_dwell_search_med,0.5988
s_share_page1,0.5958
w_dwell_search_le5,0.5955
c_photo_per_item_view,0.5952
w_hist_4,0.5929
e_bg_search_results_view__search_results_view,0.591
t_dt_q10,0.5906
s_share_next_page,0.5899
u_n_platform,0.5871
p_range_x,0.585
p_std_x,0.5848
p_step_mean,0.5843
p_step_median,0.5823
e_bg_seller_page_view__search_results_view,0.5821
e_bg_search_results_view__seller_page_view,0.5803
w_dwell_photo_med,0.5769
w_hist_32,0.5759
p_mean_x,0.5743
u_share_plat_desktop,0.5731
e_share_seller_page_view,0.5728
p_std_y,0.5718
t_share_dt_le5,0.5714
t_dt_skew,0.5674
c_n_seller,0.5671
e_share_search_results_view,0.5666
u_is_mobile,0.5656
u_share_plat_web,0.564
p_range_y,0.5637
w_dwell_seller_min,0.5598
h_share_night,0.5571
c_share_pro_seller,0.5561
h_first_hour,0.5539
u_share_plat_android,0.5529
e_type_entropy,0.5526
p_mean_y,0.5519
w_dwell_seller_med,0.5493
e_share_login,0.548
p_uniq_share,0.5476
p_step_norm,0.5433
e_bg_item_view__contact_phone_show,0.5404
u_version,0.5402
e_n_types,0.5383
w_dwell_photo_min,0.5383
s_query_len,0.5379
u_ua_popularity,0.5355
e_bg_contact_phone_show__item_view,0.5354
w_dwell_photo_le5,0.5328
e_bg_contact_phone_show__search_results_view,0.5313
p_n,0.53
h_share_day,0.5298
c_item_per_event,0.5294
v_span_min,0.5292
h_n_hours,0.5291
w_hist_2,0.528
w_hist_1,0.527
p_share_round100,0.5261
e_n_contacts,0.5253
w_dwell_item_min,0.525
h_share_evening,0.5241
x_item_pop_median,0.5227
h_entropy,0.5208
w_dwell_search_min,0.5205
c_item_repeat,0.5203
e_bg_search_results_view__contact_phone_show,0.52
p_share_border,0.5198
e_share_contact_message_sent,0.5189
e_contact_from_search,0.5185
p_autocorr_y,0.5182
v_n_sessions,0.5151
p_autocorr_x,0.5149
t_dt_min,0.5145
u_share_plat_ios,0.5127
e_bg_favorite_add__search_results_view,0.5126
e_share_contact_phone_show,0.5124
e_share_contact_chat_open,0.5124
e_bg_search_results_view__photo_swipe,0.5114
w_hist_1800,0.5105
t_share_dt_le2,0.5103
u_n_ua,0.5079
e_bg_photo_swipe__search_results_view,0.5069
e_bg_photo_swipe__photo_swipe,0.5067
e_bg_item_view__favorite_add,0.5061
v_active_min,0.5055
e_bg_favorite_add__item_view,0.5051
x_item_pop_min,0.5046
e_bg_search_results_view__favorite_add,0.5034
h_share_morning,0.503
u_version_lag,0.5028
e_bg_item_view__photo_swipe,0.5015
e_bg_photo_swipe__item_view,0.5003
e_n_captcha,0.5
e_share_captcha_shown,0.5
a_created_in_window,0.5
u_share_na_platform,0.5
a_share_before_created,0.5
u_share_mismatch,0.5
